id,artist,album,title
,213,The Hard Way,Intro
,213,The Hard Way,Twist Yo Body
,213,The Hard Way,Absolutely
,213,The Hard Way,Sassy Ways
,213,The Hard Way,Groupie Luv
,213,The Hard Way,Wait A Minute
,213,The Hard Way,Another Summer
,213,The Hard Way,213 The Gangsta Clicc
,213,The Hard Way,Ups & Downs
,213,The Hard Way,Gotta Find A Way
,213,The Hard Way,Joysticc
,213,The Hard Way,Rick James Interlude
,213,The Hard Way,Mary Jane
,213,The Hard Way,MLK
,213,The Hard Way,Lil Girl
,213,The Hard Way,Give It Up
,213,The Hard Way,Never Love A Ho
,213,The Hard Way,Appreciation
,213,The Hard Way,So Fly
,3,3,Batuka
,3,3,No One To Depend On
,3,3,Taboo
,3,3,Toussaint L'Overture
,3,3,Everybody's Everything
,3,3,Guajira
,3,3,Jungle Strut
,3,3,Everything's Coming Our Way
,3,3,Para Los Rumberos
,A Tribe Called Quest,Anthology,Check The Rhime
,A Tribe Called Quest,Anthology,Bonita Applebum
,A Tribe Called Quest,Anthology,Award Tour
,A Tribe Called Quest,Anthology,Can I Kick It_
,A Tribe Called Quest,Anthology,Scenario
,A Tribe Called Quest,Anthology,Buggin' Out
,A Tribe Called Quest,Anthology,Electric Relaxation
,A Tribe Called Quest,Anthology,Jazz (We've Got)
,A Tribe Called Quest,Anthology,I Left My Wallet In El Segundo
,A Tribe Called Quest,Anthology,Hot Sex
,A Tribe Called Quest,Anthology,Oh My God
,A Tribe Called Quest,Anthology,Keeping It Moving
,A Tribe Called Quest,Anthology,Sucka Nigga
,A Tribe Called Quest,Midnight Marauders,Midnight Marauders Tour Guide
,A Tribe Called Quest,Midnight Marauders,Steve Biko (Stir It Up)
,A Tribe Called Quest,Midnight Marauders,Award Tour
,A Tribe Called Quest,Midnight Marauders,8 Million Stories
,A Tribe Called Quest,Midnight Marauders,Sucka Nigga
,A Tribe Called Quest,Midnight Marauders,Midnight
,A Tribe Called Quest,Midnight Marauders,We Can Get Down
,A Tribe Called Quest,Midnight Marauders,Electric Relaxation
,A Tribe Called Quest,Midnight Marauders,Clap Your Hands
,A Tribe Called Quest,Midnight Marauders,Oh My God
,A Tribe Called Quest,Midnight Marauders,Keep It Rollin'
,A Tribe Called Quest,Midnight Marauders,"Chase, Pt. 2"
,A Tribe Called Quest,Midnight Marauders,Lyrics to Go
,A Tribe Called Quest,Midnight Marauders,God Lives Through
,A Tribe Called Quest,The Love Movement,Start It Up
,A Tribe Called Quest,The Love Movement,Find a Way
,A Tribe Called Quest,The Love Movement,Booty
,A Tribe Called Quest,The Love Movement,Steppin' It Up - Redman
,A Tribe Called Quest,The Love Movement,Like It Like That
,A Tribe Called Quest,The Love Movement,Common Ground (Get It Goin' On)
,A Tribe Called Quest,The Love Movement,Moms - Spanky
,A Tribe Called Quest,The Love Movement,His Name Is Mutty Ranks
,A Tribe Called Quest,The Love Movement,Give Me - Noreaga
,A Tribe Called Quest,The Love Movement,Pad & Pen
,A Tribe Called Quest,The Love Movement,Busta's Lament
,A Tribe Called Quest,The Love Movement,Hot 4 U
,A Tribe Called Quest,The Love Movement,Against the World
,A Tribe Called Quest,The Love Movement,Love
,A Tribe Called Quest,The Love Movement,Rock Rock Y'all - Mos Def
,A Tribe Called Quest,The Love Movement,Scenario [Remix][_]
,A Tribe Called Quest,The Love Movement,Money Maker [_]
,A Tribe Called Quest,The Love Movement,Hot Sex [_]
,A Tribe Called Quest,The Love Movement,Oh My God [Remix][_]
,A Tribe Called Quest,The Love Movement,Jazz (We've Got) [_]
,A Tribe Called Quest,The Love Movement,One Two S__t [_] - Busta Rhymes
,A Tribe Called Quest,The Low End Theory,Excursions
,A Tribe Called Quest,The Low End Theory,Buggin' Out
,A Tribe Called Quest,The Low End Theory,Rap Promoter
,A Tribe Called Quest,The Low End Theory,Butter
,A Tribe Called Quest,The Low End Theory,Verses From the Abstract
,A Tribe Called Quest,The Low End Theory,Show Business
,A Tribe Called Quest,The Low End Theory,Vibes and Stuff
,A Tribe Called Quest,The Low End Theory,Infamous Date Rape
,A Tribe Called Quest,The Low End Theory,Check the Rhime
,A Tribe Called Quest,The Low End Theory,Everything Is Fair
,A Tribe Called Quest,The Low End Theory,Jazz (We've Got)
,A Tribe Called Quest,The Low End Theory,Skypager
,A Tribe Called Quest,The Low End Theory,What_
,Aceyalone and Rjd2,Magnificent City,All For U
,Aceyalone and Rjd2,Magnificent City,Fire
,Aceyalone and Rjd2,Magnificent City,"Cornbread, Eddy, and Me"
,Aceyalone and Rjd2,Magnificent City,Moore
,Aceyalone and Rjd2,Magnificent City,Supahero
,Aceyalone and Rjd2,Magnificent City,High Lights
,Aceyalone and Rjd2,Magnificent City,Disconnected
,Aceyalone and Rjd2,Magnificent City,Caged Bird
,Aceyalone and Rjd2,Magnificent City,Solomon Jones
,Aceyalone and Rjd2,Magnificent City,A Sunday Mystery
,Aceyalone and Rjd2,Magnificent City,Junior
,Aceyalone and Rjd2,Magnificent City,Heaven
,Aceyalone and Rjd2,Magnificent City,Here and Now
,Aceyalone and Rjd2,Magnificent City,A Beautiful Mine
,Action Bronson,Blue Chips,01 Pouches Of Tuna Ft. Roc Marcia
,Action Bronson,Blue Chips,02 Steve Wynn
,Action Bronson,Blue Chips,03 Tan Leather
,Action Bronson,Blue Chips,04 Double Breasted
,Action Bronson,Blue Chips,05 Thug Love Story 2012
,Action Bronson,Blue Chips,06 Hookers At The Point
,Action Bronson,Blue Chips,07 Dreamer
,Action Bronson,Blue Chips,08 Ron Simmons
,Action Bronson,Blue Chips,09 Expensive Pens Ft. Meyhem Laur
,Action Bronson,Blue Chips,10 9-24-11
,Action Bronson,Blue Chips,11 Arts & Leisure Ft. Kool Ad
,Action Bronson,Blue Chips,12 Intercontinental Champion
,Action Bronson,Blue Chips,13 5 Minute Beats 1 Take Raps
,Action Bronson,Blue Chips,14 Blue Chips
,Action Bronson,Blue Chips,15 103 And Roosy
,Action Bronson,Blue Chips,16 Tapas
,Action Bronson,Bon Appetit .... Bitch !!!!!!!!!!,East Bound And Down
,Action Bronson,Bon Appetit .... Bitch !!!!!!!!!!,T.K.O
,Action Bronson,Bon Appetit .... Bitch !!!!!!!!!!,Mark Sanchez
,Action Bronson,Bon Appetit .... Bitch !!!!!!!!!!,Shiraz
,Action Bronson,Bon Appetit .... Bitch !!!!!!!!!!,The Come Up
,Action Bronson,Bon Appetit .... Bitch !!!!!!!!!!,Imported Goods
,Action Bronson,Bon Appetit .... Bitch !!!!!!!!!!,Bronson Maina
,Action Bronson,Bon Appetit .... Bitch !!!!!!!!!!,Dabble In Truffles
,Action Bronson,Bon Appetit .... Bitch !!!!!!!!!!,Growin Up
,Action Bronson,Bon Appetit .... Bitch !!!!!!!!!!,Mofongo
,Action Bronson,Bon Appetit .... Bitch !!!!!!!!!!,Fuck Me Till I Die
,Action Bronson,Bon Appetit .... Bitch !!!!!!!!!!,Borderline
,Action Bronson,Bon Appetit .... Bitch !!!!!!!!!!,Eastern Promises
,Action Bronson,Bon Appetit .... Bitch !!!!!!!!!!,85 Barritz BRO-HAM
,Action Bronson,Bon Appetit .... Bitch !!!!!!!!!!,Body Language
,Action Bronson,Bon Appetit .... Bitch !!!!!!!!!!,Aged Manchego
,Action Bronson,Bon Appetit .... Bitch !!!!!!!!!!,Albino Gorilla
,Action Bronson,Bon Appetit .... Bitch !!!!!!!!!!,Roasted Bone Marrow
,Action Bronson,Bon Appetit .... Bitch !!!!!!!!!!,Get Off The P.P.
,Action Bronson,Bon Appetit .... Bitch !!!!!!!!!!,Tango & Cash
,Action Bronson,Bon Appetit .... Bitch !!!!!!!!!!,Shape Shifters
,Action Bronson,Bon Appetit .... Bitch !!!!!!!!!!,Night Court
,Action Bronson,Bon Appetit .... Bitch !!!!!!!!!!,Ceviche
,Action Bronson,Bon Appetit .... Bitch !!!!!!!!!!,Black Rain
,Action Bronson,Bon Appetit .... Bitch !!!!!!!!!!,Double Impact
,Action Bronson,Bon Appetit .... Bitch !!!!!!!!!!,The Team
,Action Bronson,Bon Appetit .... Bitch !!!!!!!!!!,Marijuana Bronson
,Action Bronson,Bon Appetit .... Bitch !!!!!!!!!!,Shorty Bop With A Hook
,Action Bronson,Bon Appetit .... Bitch !!!!!!!!!!,Friendly Fire
,Action Bronson,Bon Appetit .... Bitch !!!!!!!!!!,Bronson Hard Lemonade
,Action Bronson,Bon Appetit .... Bitch !!!!!!!!!!,I Remember
,Action Bronson,Bon Appetit .... Bitch !!!!!!!!!!,Amuse Pusche
,Action Bronson,Bon Appetit .... Bitch !!!!!!!!!!,On The Real
,Action Bronson,Bon Appetit .... Bitch !!!!!!!!!!,Re-Elect Dinkins
,Action Bronson,Bon Appetit .... Bitch !!!!!!!!!!,Chilli Chicken Hakka Style
,Action Bronson,Dr. Lecter,Moonstruck
,Action Bronson,Dr. Lecter,Barry Horowitz
,Action Bronson,Dr. Lecter,The Madness
,Action Bronson,Dr. Lecter,Larry Csonka
,Action Bronson,Dr. Lecter,Ronnie Coleman
,Action Bronson,Dr. Lecter,Bag of Money Ft. Meyhem Lauren
,Action Bronson,Dr. Lecter,Brunch
,Action Bronson,Dr. Lecter,Shiraz
,Action Bronson,Dr. Lecter,Buddy Guy
,Action Bronson,Dr. Lecter,Jerk Chicken Ft. Maffew Ragazino
,Action Bronson,Dr. Lecter,"Chuck Person Ft. Meyhem Lauren, S"
,Action Bronson,Dr. Lecter,Forbidden Fruit
,Action Bronson,Dr. Lecter,"Suede Ft. Meyhem Lauren, Shaz Ill"
,Action Bronson,Dr. Lecter,Get Off My P.P.
,Action Bronson,Dr. Lecter,Beautiful Music
,Action Bronson & Statik Selektah,Well-Done,Respect The Mustoche
,Action Bronson & Statik Selektah,Well-Done,Time For Some Ft. Lil Fame
,Action Bronson & Statik Selektah,Well-Done,Cocoo Butter Ft. Nina Sky
,Action Bronson & Statik Selektah,Well-Done,White Silk
,Action Bronson & Statik Selektah,Well-Done,Keep Off The Grass
,Action Bronson & Statik Selektah,Well-Done,The Stick Up
,Action Bronson & Statik Selektah,Well-Done,Central Bookings Ft. Meyham Laure
,Action Bronson & Statik Selektah,Well-Done,Cirque Du Soleil
,Action Bronson & Statik Selektah,Well-Done,The Rainmaker
,Action Bronson & Statik Selektah,Well-Done,Love Letter
,Action Bronson & Statik Selektah,Well-Done,Not Enough Words
,Action Bronson & Statik Selektah,Well-Done,Terror Death Camp Ft. Meyham Laur
,Action Bronson & Statik Selektah,Well-Done,Miss Fordham Road (86 87 88)
,Action Bronson & Statik Selektah,Well-Done,Cliff Notes
,Action Bronson & Statik Selektah,Well-Done,Bon Voyage
,AC_DC,The Very Best Of,Let There Be Rock
,AC_DC,The Very Best Of,Dirty Deeds Done Dirt Cheap
,AC_DC,The Very Best Of,Big Gun
,AC_DC,The Very Best Of,The Jack
,AC_DC,The Very Best Of,Heatseeker
,AC_DC,The Very Best Of,Jailbreak
,AC_DC,The Very Best Of,You Shook Me All Night Long
,AC_DC,The Very Best Of,Rock 'N' Roll Damnation
,AC_DC,The Very Best Of,Shake Your Foundations
,AC_DC,The Very Best Of,T.N.T.
,AC_DC,The Very Best Of,Who Made Who
,AC_DC,The Very Best Of,Highway To Hell
,AC_DC,The Very Best Of,Whole Lotta Rosie
,AC_DC,The Very Best Of,For These About To Rock (We Salut
,AC_DC,The Very Best Of,Big Balls
,AC_DC,The Very Best Of,Rocker
,Aesop Rock,B-Sides & Rarities Vol. 1_ 1999-2003,Water
,Aesop Rock,B-Sides & Rarities Vol. 1_ 1999-2003,Wise Up
,Aesop Rock,B-Sides & Rarities Vol. 1_ 1999-2003,The Active Element
,Aesop Rock,B-Sides & Rarities Vol. 1_ 1999-2003,The Tugboat Complex
,Aesop Rock,B-Sides & Rarities Vol. 1_ 1999-2003,Bad Karma
,Aesop Rock,B-Sides & Rarities Vol. 1_ 1999-2003,Take Me to the Basement
,Aesop Rock,B-Sides & Rarities Vol. 1_ 1999-2003,Blacklist (feat. MF Doom)
,Aesop Rock,B-Sides & Rarities Vol. 1_ 1999-2003,Sinister (feat. Vast Aire & Yesh)
,Aesop Rock,B-Sides & Rarities Vol. 1_ 1999-2003,Helium (feat. Vordul)
,Aesop Rock,B-Sides & Rarities Vol. 1_ 1999-2003,Dragon Coaster (feat. Mojo)
,Aesop Rock,B-Sides & Rarities Vol. 1_ 1999-2003,Inner City Hustle [Wakin'] (feat.
,Aesop Rock,B-Sides & Rarities Vol. 1_ 1999-2003,Tap Dancin' for Scratch (feat. Va
,Aesop Rock,B-Sides & Rarities Vol. 1_ 1999-2003,Put Your Quarters Up (feat. Slug
,Aesop Rock,B-Sides & Rarities Vol. 1_ 1999-2003,Home Again (feat. The Controls)
,Aesop Rock,B-Sides & Rarities Vol. 1_ 1999-2003,Coma [remix]
,Aesop Rock,B-Sides & Rarities Vol. 1_ 1999-2003,Atlantis (feat. Mojo)
,Aesop Rock,B-Sides & Rarities Vol. 1_ 1999-2003,Bad Summeritan
,Aesop Rock,B-Sides & Rarities Vol. 1_ 1999-2003,Commencement at the Obedience Aca
,Aesop Rock,B-Sides & Rarities Vol. 1_ 1999-2003,Accapella [Live at the El-Ray]
,Aesop Rock,B-Sides & Rarities Vol. 2_ 2003-2006,Fishtales
,Aesop Rock,B-Sides & Rarities Vol. 2_ 2003-2006,Face Melter
,Aesop Rock,B-Sides & Rarities Vol. 2_ 2003-2006,Numb [To the Guns]
,Aesop Rock,B-Sides & Rarities Vol. 2_ 2003-2006,Sniff Glue
,Aesop Rock,B-Sides & Rarities Vol. 2_ 2003-2006,Crooked
,Aesop Rock,B-Sides & Rarities Vol. 2_ 2003-2006,Sabbatical with Options
,Aesop Rock,B-Sides & Rarities Vol. 2_ 2003-2006,Kill Switch
,Aesop Rock,B-Sides & Rarities Vol. 2_ 2003-2006,Jet Son
,Aesop Rock,B-Sides & Rarities Vol. 2_ 2003-2006,Train Buffer
,Aesop Rock,B-Sides & Rarities Vol. 2_ 2003-2006,Ace Rocks
,Aesop Rock,B-Sides & Rarities Vol. 2_ 2003-2006,All in All
,Aesop Rock,B-Sides & Rarities Vol. 2_ 2003-2006,Kill Em All
,Aesop Rock,B-Sides & Rarities Vol. 2_ 2003-2006,Junkyard
,Aesop Rock,B-Sides & Rarities Vol. 2_ 2003-2006,Preservation (feat. Del the Funky
,Aesop Rock,B-Sides & Rarities Vol. 2_ 2003-2006,Deadpan
,Aesop Rock,B-Sides & Rarities Vol. 2_ 2003-2006,One of Four
,Aesop Rock,B-Sides & Rarities Vol. 2_ 2003-2006,Kill Em All [Rjd2 remix]
,Aesop Rock,B-Sides & Rarities Vol. 2_ 2003-2006,No Jumper Cables [remix]
,Aesop Rock,B-Sides & Rarities Vol. 2_ 2003-2006,Train Buffer [remix]
,Aesop Rock,B-Sides & Rarities Vol. 2_ 2003-2006,Encounter
,Aesop Rock,Float,Float
,Aesop Rock,Float,Commencement At The Obediance Aca
,Aesop Rock,Float,Big Bang
,Aesop Rock,Float,Garbage
,Aesop Rock,Float,I'll Be Ok (Featuring Slug)
,Aesop Rock,Float,Breakfast With Blockhead
,Aesop Rock,Float,Basic Cable
,Aesop Rock,Float,Fascination
,Aesop Rock,Float,Oxygen
,Aesop Rock,Float,Skip Town
,Aesop Rock,Float,6B Panamara
,Aesop Rock,Float,Lunch With Blockhead
,Aesop Rock,Float,Spare A Match
,Aesop Rock,Float,Attentoin Span (Featuring Vast Ai
,Aesop Rock,Float,How To Be A Carpenter
,Aesop Rock,Float,Prosperity
,Aesop Rock,Float,No Splash
,Aesop Rock,Float,Drawbridge (Featuring Dose One)
,Aesop Rock,Float,Dinner With Blockhead
,Aesop Rock,Float,The Mayor And The Crook
,AFI,Answer That And Stay Fashionab,Two Of A Kind
,AFI,Answer That And Stay Fashionab,Half-Empty Bottle
,AFI,Answer That And Stay Fashionab,Y?rf Rendernmein
,AFI,Answer That And Stay Fashionab,I Wanna Get a Mohawk (But Mom
,AFI,Answer That And Stay Fashionab,Brownie Bottom Sundae
,AFI,Answer That And Stay Fashionab,The Checkered Demon
,AFI,Answer That And Stay Fashionab,Cereal Wars
,AFI,Answer That And Stay Fashionab,The Mother In Me
,AFI,Answer That And Stay Fashionab,Rizzo In The Box
,AFI,Answer That And Stay Fashionab,Kung-Fu Devil
,AFI,Answer That And Stay Fashionab,Your Name Here
,AFI,Answer That And Stay Fashionab,Ny-Quil
,AFI,Answer That And Stay Fashionab,Don't Make Me Ill
,AFI,Answer That And Stay Fashionab,Open Your Eyes - High School F
,AFI,Black Sails In The Sunset,Strength Through Wounding
,AFI,Black Sails In The Sunset,Porphyria
,AFI,Black Sails In The Sunset,Exsanguination
,AFI,Black Sails In The Sunset,Malleus Maleficarum
,AFI,Black Sails In The Sunset,Narrative Of Soul Against Soul
,AFI,Black Sails In The Sunset,Clove Smoke Catharsis
,AFI,Black Sails In The Sunset,The Prayer Position
,AFI,Black Sails In The Sunset,No Poetic Device
,AFI,Black Sails In The Sunset,Weathered Tome
,AFI,Black Sails In The Sunset,The Last Kiss
,AFI,Black Sails In The Sunset,At A Glance
,AFI,Black Sails In The Sunset,God Called In Sick Today
,AFI,Decemberunderground,Prelude 12_21
,AFI,Decemberunderground,Kill Caustic
,AFI,Decemberunderground,Miss Murder
,AFI,Decemberunderground,Summer Shudder
,AFI,Decemberunderground,The Interview
,AFI,Decemberunderground,Love Like Winter
,AFI,Decemberunderground,Affliction
,AFI,Decemberunderground,The Missing Frame
,AFI,Decemberunderground,Kiss And Control
,AFI,Decemberunderground,The Killing Lights
,AFI,Decemberunderground,37mm
,AFI,Decemberunderground,Endlessly She Said
,AFI,Decemberunderground [Deluxe Cab Edition],Don't Change [Bonus Track] (INXS
,AFI,Decemberunderground [Deluxe Cab Edition],Jack The Ripper [Bonus Track] (Mo
,AFI,Decemberunderground [Deluxe Cab Edition],On The Arrow [Bonus Track]
,AFI,Decemberunderground [Deluxe Cab Edition],Fallen Like The Sky [Bonus Track]
,AFI,Shut Your Mouth And Open Your Eyes,Keeping Out Of Direct Sunlight
,AFI,Shut Your Mouth And Open Your Eyes,Three Reasons
,AFI,Shut Your Mouth And Open Your Eyes,A Single Second
,AFI,Shut Your Mouth And Open Your Eyes,pH Low
,AFI,Shut Your Mouth And Open Your Eyes,Let It Be Broke
,AFI,Shut Your Mouth And Open Your Eyes,Third Season
,AFI,Shut Your Mouth And Open Your Eyes,Lower Your Head And Take It In
,AFI,Shut Your Mouth And Open Your Eyes,Coin Return
,AFI,Shut Your Mouth And Open Your Eyes,The New Patron Saints And Ange
,AFI,Shut Your Mouth And Open Your Eyes,Three Seconds Notice
,AFI,Shut Your Mouth And Open Your Eyes,Salt For Your Wounds
,AFI,Shut Your Mouth And Open Your Eyes,Today's Lesson
,AFI,Shut Your Mouth And Open Your Eyes,The Devil Loves You
,AFI,Shut Your Mouth And Open Your Eyes,Triple Zero
,AFI,Sing The Sorrow,Miseria Cantare (The Beginning
,AFI,Sing The Sorrow,The Leaving Song Pt. 2-Fnt
,AFI,Sing The Sorrow,Bleed Black-Fnt
,AFI,Sing The Sorrow,Silver And Cold-Fnt
,AFI,Sing The Sorrow,Dancing Through Sunday-Fnt
,AFI,Sing The Sorrow,Girls Not Grey-Fnt
,AFI,Sing The Sorrow,Death Of Seasons-Fnt
,AFI,Sing The Sorrow,The Great Disappointment-Fnt
,AFI,Sing The Sorrow,Paper Airplanes (Makeshift Win
,AFI,Sing The Sorrow,This Celluloid Dream-Fnt
,AFI,Sing The Sorrow,The Leaving Song-Fnt
,AFI,Sing The Sorrow,But Home Is Nowhere-Fnt
,AFI,The Art Of Drowning,Initiation
,AFI,The Art Of Drowning,The Lost Souls
,AFI,The Art Of Drowning,The Nephilim
,AFI,The Art Of Drowning,Ever And A Day
,AFI,The Art Of Drowning,Sacrifice Theory
,AFI,The Art Of Drowning,Of Greetings And Goodbyes
,AFI,The Art Of Drowning,Smile
,AFI,The Art Of Drowning,Story At Three
,AFI,The Art Of Drowning,The Days Of The Pheonix
,AFI,The Art Of Drowning,Catch A Hot One
,AFI,The Art Of Drowning,Wester
,AFI,The Art Of Drowning,6 To 8
,AFI,The Art Of Drowning,The Despair Factor
,AFI,The Art Of Drowning,Morningstar
,AFI,Very Proud Of Ya,He Who Laughs Last
,AFI,Very Proud Of Ya,File 13
,AFI,Very Proud Of Ya,Wake Up Call
,AFI,Very Proud Of Ya,Cult Status
,AFI,Very Proud Of Ya,Perfect Fit
,AFI,Very Proud Of Ya,Advances In Modern Technology
,AFI,Very Proud Of Ya,Theory Of Revolution
,AFI,Very Proud Of Ya,This Secret Ninja
,AFI,Very Proud Of Ya,Soap Box Derby
,AFI,Very Proud Of Ya,Aspirin Free
,AFI,Very Proud Of Ya,Fishbowl
,AFI,Very Proud Of Ya,Charles Atlas
,AFI,Very Proud Of Ya,Crop Tub
,AFI,Very Proud Of Ya,Consult My Lover
,AFI,Very Proud Of Ya,Take The Test
,AFI,Very Proud Of Ya,Two Of A Kind
,AFI,Very Proud Of Ya,Shatty Fatmas
,AFI,Very Proud Of Ya,Y?rf Rendernmein
,AFI,Very Proud Of Ya,Cruise Control
,AFI,Very Proud Of Ya,Modern Epidemic
,Akon,Konvicted,Gansta Bop
,Akon,Konvicted,Smack That Ft Eminem
,Akon,Konvicted,Blown Away Ft Styles P
,Akon,Konvicted,I Wanna Fuck You Ft Snoop Dog
,Akon,Konvicted,Be Easy Ft Gage
,Akon,Konvicted,Me Myself & I
,Akon,Konvicted,You Dont Want It
,Akon,Konvicted,Cross That Line Ft Rick Ross
,Akon,Konvicted,Girls Ft Beenie Man
,Akon,Konvicted,Keep On Calling Ft P Money
,Akon,Konvicted,Moonshine Ft Savage
,Akon,Konvicted,Go To War Ft Papoose
,Akon,Konvicted,So Fly Ft Blewz
,Akon,Konvicted,Ride Out Ft Tru-Life
,Akon,Konvicted,Dont Let Up
,Akon,Konvicted,Gun In Hand Ft Booba
,Akon,Konvicted,U Got Me Ft T-Pain
,Akon,Konvicted,Look Me In My Eyes Ft Blast
,Akon,Konvicted,On Da Corner-Outro Ft Fat Joe And
,Alan Cross,1998-1999 The Ongoing History Of New Mus,What's The Big Deal About Bauhaus
,Alan Cross,1998-1999 The Ongoing History Of New Mus,Music That Mattered 25-23
,Alan Cross,1998-1999 The Ongoing History Of New Mus,Music That Mattered 22 & 21
,Alan Cross,1998-1999 The Ongoing History Of New Mus,Music That Mattered 20 & 19
,Alan Cross,1998-1999 The Ongoing History Of New Mus,Music That Mattered 18 & 17
,Alan Cross,1998-1999 The Ongoing History Of New Mus,Music That Mattered 16 & 15
,Alan Cross,1998-1999 The Ongoing History Of New Mus,Music That Mattered 14 & 13
,Alan Cross,1998-1999 The Ongoing History Of New Mus,Music That Mattered 12 & 11
,Alan Cross,1998-1999 The Ongoing History Of New Mus,Music That Mattered 10 & 9
,Alan Cross,1998-1999 The Ongoing History Of New Mus,Music That Mattered 8 & 7
,Alan Cross,1998-1999 The Ongoing History Of New Mus,Music That Mattered 6 & 5
,Alan Cross,1998-1999 The Ongoing History Of New Mus,Music That Mattered 4
,Alan Cross,1998-1999 The Ongoing History Of New Mus,Music That Mattered 3
,Alan Cross,1998-1999 The Ongoing History Of New Mus,Music That Mattered 2
,Alan Cross,1998-1999 The Ongoing History Of New Mus,Music That Mattered 1
,Alan Cross,2000-2001 The Ongoing History of New Mus,Electronica Part 1
,Alan Cross,2000-2001 The Ongoing History of New Mus,Electronica Part 2
,Alan Cross,2000-2001 The Ongoing History of New Mus,Electronica Part 3
,Alan Cross,2000-2001 The Ongoing History of New Mus,Electronica Part 4
,Alan Cross,2000-2001 The Ongoing History of New Mus,The Impact Of The Music Video
,Alan Cross,2000-2001 The Ongoing History of New Mus,Monsters Of New Rock Foo Fighters
,Alan Cross,2000-2001 The Ongoing History of New Mus,Monsters Of New Rock The Offsprin
,Alan Cross,2000-2001 The Ongoing History of New Mus,Monsters Of New Rock_ Blink 182
,Alan Cross,2000-2001 The Ongoing History of New Mus,Monsters Of New Rock_ Foo Fighter
,Alan Cross,2000-2001 The Ongoing History of New Mus,Monsters Of New Rock_ Green Day
,Alan Cross,2000-2001 The Ongoing History of New Mus,Monsters Of New Rock_ Kid Rock
,Alan Cross,2000-2001 The Ongoing History of New Mus,Monsters Of New Rock_ Limp Bizkit
,Alan Cross,2000-2001 The Ongoing History of New Mus,Monsters Of New Rock_ Radiohead
,Alan Cross,2000-2001 The Ongoing History of New Mus,Monsters Of New Rock_ Red Hot Chi
,Alan Cross,2000-2001 The Ongoing History of New Mus,Payola
,Alan Cross,2000-2001 The Ongoing History of New Mus,"The Producers, Part 1"
,Alan Cross,2000-2001 The Ongoing History of New Mus,The Reunions Return!
,Alan Cross,2000-2001 The Ongoing History of New Mus,The Stone Roses
,Alan Cross,2000-2001 The Ongoing History of New Mus,Tool
,Alan Cross,2002 The Ongoing History of New Music,9 Great B-Sides
,Alan Cross,2002 The Ongoing History of New Music,A Brief History Of Nu Metal 1
,Alan Cross,2002 The Ongoing History of New Music,A Brief History Of Nu Metal 2
,Alan Cross,2002 The Ongoing History of New Music,A Live History Of The Smashing Pu
,Alan Cross,2002 The Ongoing History of New Music,Brit Pop Part 1
,Alan Cross,2002 The Ongoing History of New Music,Brit Pop Part 2
,Alan Cross,2002 The Ongoing History of New Music,Brit Pop Part 3
,Alan Cross,2002 The Ongoing History of New Music,Brit Pop Part 4
,Alan Cross,2002 The Ongoing History of New Music,Creed
,Alan Cross,2002 The Ongoing History of New Music,Depeche Mode At 20
,Alan Cross,2002 The Ongoing History of New Music,Emo_ What's That_
,Alan Cross,2002 The Ongoing History of New Music,Get In the Van!
,Alan Cross,2002 The Ongoing History of New Music,Gossip And Weirdness
,Alan Cross,2002 The Ongoing History of New Music,Moby
,Alan Cross,2002 The Ongoing History of New Music,Outsider Music
,Alan Cross,2002 The Ongoing History of New Music,"Psychos, Nutcases & Weirdos"
,Alan Cross,2002 The Ongoing History of New Music,Red Hot Chili Peppers Part 1
,Alan Cross,2002 The Ongoing History of New Music,Red Hot Chili Peppers Part 2
,Alan Cross,2002 The Ongoing History of New Music,Red Hot Chili Peppers Part 3
,Alan Cross,2002 The Ongoing History of New Music,Seven Great Mysteries Of Modern R
,Alan Cross,2002 The Ongoing History of New Music,The History of Selling Out Part 1
,Alan Cross,2002 The Ongoing History of New Music,The History of Selling Out Part 2
,Alan Cross,2002 The Ongoing History of New Music,The New Rockers
,Alan Cross,2002 The Ongoing History of New Music,Weezer
,Alan Cross,2002 The Ongoing History of New Music,What's The Big Deal About Elvis C
,Alan Cross,2002 The Ongoing History of New Music,What's Wrong With The Music Indus
,Alan Cross,2002 The Ongoing History of New Music,Why Performers Hate Their Record
,Alan Cross,2003 The Ongoing History Of New Music,Where Are They Now_
,Alan Cross,2003 The Ongoing History Of New Music,How To Talk Like A Rock Snob 2
,Alan Cross,2003 The Ongoing History Of New Music,Nirvana By The Numbers - Part I
,Alan Cross,2003 The Ongoing History Of New Music,Nirvana By The Numbers - Part Ii
,Alan Cross,2003 The Ongoing History Of New Music,Tracks From The Vinyl Vault
,Alan Cross,2003 The Ongoing History Of New Music,Joe Strummer A Remembrance 1
,Alan Cross,2003 The Ongoing History Of New Music,Joe Strummer A Remembrance 2
,Alan Cross,2003 The Ongoing History Of New Music,What's The Big Deal About The Smi
,Alan Cross,2003 The Ongoing History Of New Music,Building A Record Library 1 (Albu
,Alan Cross,2003 The Ongoing History Of New Music,Building A Record Library 2 (Albu
,Alan Cross,2003 The Ongoing History Of New Music,Building A Record Collection Part
,Alan Cross,2003 The Ongoing History Of New Music,Building A Record Collection Part
,Alan Cross,2003 The Ongoing History Of New Music,Nickelback
,Alan Cross,2003 The Ongoing History Of New Music,Alt-Rock's Greatest Instrumentals
,Alan Cross,2003 The Ongoing History Of New Music,Rise & Fall Of Alice In Chains 1
,Alan Cross,2003 The Ongoing History Of New Music,Rise & Fall Of Alice In Chains 2
,Alan Cross,2003 The Ongoing History Of New Music,A Music Industry Checkup
,Alan Cross,2003 The Ongoing History Of New Music,Medical Matters & Mysteries Of Mu
,Alan Cross,2003 The Ongoing History Of New Music,Medical Matters & Mysteries Of Mu
,Alan Cross,2003 The Ongoing History Of New Music,The White Stripes
,Alan Cross,2003 The Ongoing History Of New Music,How To Talk Like A Rock Snob 3
,Alan Cross,2003 The Ongoing History Of New Music,Madchester Part 1
,Alan Cross,2003 The Ongoing History Of New Music,Madchester Part 2
,Alan Cross,2003 The Ongoing History Of New Music,Radiohead Part 1
,Alan Cross,2003 The Ongoing History Of New Music,Radiohead Part 2
,Alan Cross,2003 The Ongoing History Of New Music,Radiohead Part 3
,Alan Cross,2003 The Ongoing History Of New Music,Radiohead Part 4
,Alan Cross,2003 The Ongoing History Of New Music,Christian Alt-Rock
,Alan Cross,2003 The Ongoing History Of New Music,The Crime Beat
,Alan Cross,2003 The Ongoing History Of New Music,Coldplay
,Alan Cross,2003 The Ongoing History Of New Music,The Producers 3  The Canadians
,Alan Cross,2004 The Ongoing History of New Music,The 100 Greatest New Rock Moments
,Alan Cross,2004 The Ongoing History of New Music,The 100 Greatest New Rock Moments
,Alan Cross,2004 The Ongoing History of New Music,The 100 Greatest New Rock Moments
,Alan Cross,2004 The Ongoing History of New Music,The 100 Greatest New Rock Moments
,Alan Cross,2004 The Ongoing History of New Music,The 100 Greatest New Rock Moments
,Alan Cross,2004 The Ongoing History of New Music,The 100 Greatest New Rock Moments
,Alan Cross,2004 The Ongoing History of New Music,The 100 Greatest New Rock Moments
,Alan Cross,2004 The Ongoing History of New Music,The 100 Greatest New Rock Moments
,Alan Cross,2004 The Ongoing History of New Music,The 100 Greatest New Rock Moments
,Alan Cross,2004 The Ongoing History of New Music,The 100 Greatest New Rock Moments
,Alan Cross,2004 The Ongoing History of New Music,Kurt Cobain 10 Years Later Part 1
,Alan Cross,2004 The Ongoing History of New Music,Kurt Cobain 10 Years Later Part 2
,Alan Cross,2004 The Ongoing History of New Music,Was Kurt Cobain Murdered_ Part 1
,Alan Cross,2004 The Ongoing History of New Music,Was Kurt Cobain Murdered_ Part 2
,Alan Cross,2004 The Ongoing History of New Music,New Rock's Craziest People
,Alan Cross,2004 The Ongoing History of New Music,Drummers Who Made A Difference
,Alan Cross,2004 The Ongoing History of New Music,A Guide To Summer Concert Festiva
,Alan Cross,2004 The Ongoing History of New Music,The Secret History Of Recorded Mu
,Alan Cross,2004 The Ongoing History of New Music,Stories Behind Songs
,Alan Cross,2004 The Ongoing History of New Music,Taboo Tunes_ Fear of Music Part 1
,Alan Cross,2004 The Ongoing History of New Music,Taboo Tunes_ Fear of Music Part 2
,Alan Cross,2004 The Ongoing History of New Music,How To Talk Like A Rock Snob 5
,Alan Cross,2004 The Ongoing History of New Music,Seven Morrissey Mysteries
,Alan Cross,2004 The Ongoing History of New Music,Rhythm Sections
,Alan Cross,2004 The Ongoing History of New Music,Format Wars
,Alan Cross,2004 The Ongoing History of New Music,Death As A Career Move
,Alan Cross,2004 The Ongoing History of New Music,U2 A Secret History - Part 1
,Alan Cross,2004 The Ongoing History of New Music,U2 A Secret History - Part 2
,Alan Cross,2004 The Ongoing History of New Music,U2 A Secret History - Part 3
,Alan Cross,2004 The Ongoing History of New Music,U2 A Secret History - Part 4
,Alan Cross,2004 The Ongoing History of New Music,What's the Big Deal About The Cur
,Alan Cross,2004 The Ongoing History of New Music,Xmas Show 11
,Alan Cross,2005 The Ongoing History of New Music,Gay New Rock 1
,Alan Cross,2005 The Ongoing History of New Music,Gay New Rock 2
,Alan Cross,2005 The Ongoing History of New Music,Whatever Happened to Britpop 1
,Alan Cross,2005 The Ongoing History of New Music,Whatever Happened to Britpop 2
,Alan Cross,2005 The Ongoing History of New Music,Whatever Happened to Britpop 3
,Alan Cross,2005 The Ongoing History of New Music,Alt-Rock's Greatest All-Female Ba
,Alan Cross,2005 The Ongoing History of New Music,Alt-Rock's Greatest All-Female Ba
,Alan Cross,2005 The Ongoing History of New Music,I'm Not Dead Yet
,Alan Cross,2005 The Ongoing History of New Music,Montreal New Rock
,Alan Cross,2005 The Ongoing History of New Music,Bad Career Moves 2
,Alan Cross,2005 The Ongoing History of New Music,Nirvana The Songs and Sessions
,Alan Cross,2005 The Ongoing History of New Music,Beck's Brain
,Alan Cross,2005 The Ongoing History of New Music,New Rock Secrets - Exposed!
,Alan Cross,2005 The Ongoing History of New Music,Green Day_ Deep Background
,Alan Cross,2005 The Ongoing History of New Music,Trent Reznor & Nine Inch Nails Pa
,Alan Cross,2005 The Ongoing History of New Music,Trent Reznor & Nine Inch Nails Pa
,Alan Cross,2005 The Ongoing History of New Music,Joy Division and Ian Curtis 25 Ye
,Alan Cross,2005 The Ongoing History of New Music,10 Weird Things About Oasis
,Alan Cross,2005 The Ongoing History of New Music,Definition
,Alan Cross,2005 The Ongoing History of New Music,Bono Yes Just Bono
,Alan Cross,2005 The Ongoing History of New Music,Modern Collectible Records
,Alan Cross,2005 The Ongoing History of New Music,More Outsider Music
,Alan Cross,2005 The Ongoing History of New Music,The Tricky Issue of Sampling
,Alan Cross,2005 The Ongoing History of New Music,The 500th Episode
,Alan Cross,2005 The Ongoing History of New Music,"CBGB - A History, Part 1"
,Alan Cross,2005 The Ongoing History of New Music,"CBGB - A History, Part 2"
,Alan Cross,2005 The Ongoing History of New Music,A Brief Tribute to Robert Moog
,Alan Cross,2005 The Ongoing History of New Music,Before They Were Famous
,Alan Cross,2005 The Ongoing History of New Music,Rivers Cuomo
,Alan Cross,2005 The Ongoing History of New Music,10 Things About Coldplay
,Alan Cross,2005 The Ongoing History of New Music,All-Time Longevity Champions
,Alan Cross,2005 The Ongoing History of New Music,Where are they now_ Another repri
,Alan Cross,2005 The Ongoing History of New Music,Xmas Show 12
,Alan Cross,2006 The Ongoing History of New Music,(Good) Goth Part 1
,Alan Cross,2006 The Ongoing History of New Music,(Good) Goth Part 2
,Alan Cross,2006 The Ongoing History of New Music,"30 Years Of Punk, Part 1 (Pre-Pun"
,Alan Cross,2006 The Ongoing History of New Music,"30 Years Of Punk, Part 2 (1975-19"
,Alan Cross,2006 The Ongoing History of New Music,"30 Years Of Punk, Part 3 (1977)"
,Alan Cross,2006 The Ongoing History of New Music,"30 Years Of Punk, Part 4 (1978-19"
,Alan Cross,2006 The Ongoing History of New Music,"30 Years Of Punk, Part 5 (The 80s"
,Alan Cross,2006 The Ongoing History of New Music,"30 Years Of Punk, Part 6"
,Alan Cross,2006 The Ongoing History of New Music,A Guide To Rock N Roll Drugs
,Alan Cross,2006 The Ongoing History of New Music,A Quarter-Century Of Depeche Mode
,Alan Cross,2006 The Ongoing History of New Music,Cover Songs 1
,Alan Cross,2006 The Ongoing History of New Music,Cover Songs 2
,Alan Cross,2006 The Ongoing History of New Music,Hidden Tracks
,Alan Cross,2006 The Ongoing History of New Music,Hot City Scenes Through The Years
,Alan Cross,2006 The Ongoing History of New Music,Hot City Scenes Through The Years
,Alan Cross,2006 The Ongoing History of New Music,How To Talk Like A Rock Snob 6
,Alan Cross,2006 The Ongoing History of New Music,Joey Ramone A Remembrance
,Alan Cross,2006 The Ongoing History of New Music,Missing In Action 1
,Alan Cross,2006 The Ongoing History of New Music,Missing in Action 2
,Alan Cross,2006 The Ongoing History of New Music,More Medical Mysteries Of Music
,Alan Cross,2006 The Ongoing History of New Music,New Rock and Technology_ An Updat
,Alan Cross,2006 The Ongoing History of New Music,New Rock And Technology_ An Updat
,Alan Cross,2006 The Ongoing History of New Music,Retro 90s 1
,Alan Cross,2006 The Ongoing History of New Music,Retro 90s 2
,Alan Cross,2006 The Ongoing History of New Music,Retro 90s 3
,Alan Cross,2006 The Ongoing History of New Music,Retro 90s 4
,Alan Cross,2006 The Ongoing History of New Music,"RHCP_ Drugs, Despair, Redemption"
,Alan Cross,2006 The Ongoing History of New Music,"RHCP_ Drugs, Despair, Redemption"
,Alan Cross,2006 The Ongoing History of New Music,Secrets Of Pearl Jam
,Alan Cross,2006 The Ongoing History of New Music,The Fashionistas
,Alan Cross,2006 The Ongoing History of New Music,The History of New Rock Hair
,Alan Cross,2006 The Ongoing History of New Music,"The Producers, Part 2"
,Alan Cross,2006 The Ongoing History of New Music,U2 At 30
,Alan Cross,2006 The Ongoing History of New Music,XMas 13
,Alan Cross,2007 The Ongoing History Of New Music,100 Weird Things_ Part 1 0F 10 -
,Alan Cross,2007 The Ongoing History Of New Music,100 Weird Things_ Part 2 - Skelet
,Alan Cross,2007 The Ongoing History Of New Music,100 Weird Things_ Part 3 Of 10 -
,Alan Cross,2007 The Ongoing History Of New Music,100 Weird Things_ Part 4 0F 10 -
,Alan Cross,2007 The Ongoing History Of New Music,100 Weird Things Pt 5 Of 10 Drugs
,Alan Cross,2007 The Ongoing History Of New Music,100 Weird Things_ Pt 6 Of 10 Stud
,Alan Cross,2007 The Ongoing History Of New Music,100 Weird Things_ Pt 7 Of 10 The
,Alan Cross,2007 The Ongoing History Of New Music,100 Weird Things_ Part 8 Of 10_ S
,Alan Cross,2007 The Ongoing History Of New Music,100 Weird Things_ Pt 9 Of 10 Mone
,Alan Cross,2007 The Ongoing History Of New Music,100 Weird Things_ Pt 10 Of 10 Oth
,Alan Cross,2007 The Ongoing History Of New Music,Alt-Rock's Top 10 Female Fronted
,Alan Cross,2007 The Ongoing History Of New Music,Demo Versions_ How Songs Are Born
,Alan Cross,2007 The Ongoing History Of New Music,Fabulous Frontmen 1 Chris Cornell
,Alan Cross,2007 The Ongoing History Of New Music,Greatest Musical Gadgets
,Alan Cross,2007 The Ongoing History Of New Music,Killers Confidential
,Alan Cross,2007 The Ongoing History Of New Music,Naming Your Band Part 1
,Alan Cross,2007 The Ongoing History Of New Music,Naming Your Band Part 2
,Alan Cross,2007 The Ongoing History Of New Music,Plagiarism Or Unfortunate Sonic C
,Alan Cross,2007 The Ongoing History Of New Music,Plagiarism Or Unfortunate Sonic C
,Alan Cross,2007 The Ongoing History Of New Music,Rock N Roll Hotels
,Alan Cross,2007 The Ongoing History Of New Music,Rock Star Career Changes
,Alan Cross,2007 The Ongoing History Of New Music,Screw You Guys...I'm Going Solo!
,Alan Cross,2007 The Ongoing History Of New Music,The 14Th Annual Xmas Show
,Alan Cross,2007 The Ongoing History Of New Music,The Art Of The Reunion Part 1
,Alan Cross,2007 The Ongoing History Of New Music,The Art Of The Reunion Part 2
,Alan Cross,2007 The Ongoing History Of New Music,The Art Of The Reunion Part 3
,Alan Cross,2007 The Ongoing History Of New Music,The History Of Mash-Ups
,Alan Cross,2007 The Ongoing History Of New Music,The Infinite Musical Archive
,Alan Cross,2007 The Ongoing History Of New Music,The Secret Of Album Cover Art
,Alan Cross,2007 The Ongoing History Of New Music,Tool What The Hell_ Part 1
,Alan Cross,2007 The Ongoing History Of New Music,Tool What The Hell_ Part 2
,Alan Cross,2007 The Ongoing History Of New Music,Why Things Are The Way They Are
,Alan Cross,2007 The Ongoing History Of New Music,Your Questions Answered
,Alan Cross,2008 The Ongoing History of New Music,Etymology Part 1
,Alan Cross,2008 The Ongoing History of New Music,Etymology Part 2
,Alan Cross,2008 The Ongoing History of New Music,Fans & Fatalities
,Alan Cross,2008 The Ongoing History of New Music,Small Towns And Big Bands
,Alan Cross,2008 The Ongoing History of New Music,The Inventors
,Alan Cross,2008 The Ongoing History of New Music,Cult Heroes
,Alan Cross,2008 The Ongoing History of New Music,Linkin Park
,Alan Cross,2008 The Ongoing History of New Music,Sourcing Samples
,Alan Cross,2008 The Ongoing History of New Music,History Of Grunge Part 1_ The Ear
,Alan Cross,2008 The Ongoing History of New Music,History Of Grunge Part 2_ 1990-91
,Alan Cross,2008 The Ongoing History of New Music,History Of Grunge Part 3_ 1992-93
,Alan Cross,2008 The Ongoing History of New Music,History Of Grunge Part 4_ 1993-94
,Alan Cross,2008 The Ongoing History of New Music,History Of Grunge Part 5 Rise Of
,Alan Cross,2008 The Ongoing History of New Music,History Of Grunge Part 6_ The Fal
,Alan Cross,2008 The Ongoing History of New Music,Dave Grohl - Part 1
,Alan Cross,2008 The Ongoing History of New Music,Dave Grohl - Part 2
,Alan Cross,2008 The Ongoing History of New Music,Moonlighting
,Alan Cross,2008 The Ongoing History of New Music,Album Marketing 1 - NIN Year Zero
,Alan Cross,2008 The Ongoing History of New Music,Album Marketing 2 - Radiohead and
,Alan Cross,2008 The Ongoing History of New Music,The 15th Annual Xmas Show
,Alan Cross,2008 The Ongoing History of New Music,Rock Star Kids
,Albert King,Blues Power (The Blues Collection Vol.26,Get Out Of My Life Woman
,Albert King,Blues Power (The Blues Collection Vol.26,Born Under A Bad Sign
,Albert King,Blues Power (The Blues Collection Vol.26,The Feeling
,Albert King,Blues Power (The Blues Collection Vol.26,We All Wanna Boogie
,Albert King,Blues Power (The Blues Collection Vol.26,The Very Thought Of You
,Albert King,Blues Power (The Blues Collection Vol.26,I Got The Blues
,Albert King,Blues Power (The Blues Collection Vol.26,I Get Evil
,Albert King,Blues Power (The Blues Collection Vol.26,Angel Of Mercy
,Albert King,Blues Power (The Blues Collection Vol.26,Flat Tire
,Albert King,Blues Power (The Blues Collection Vol.26,California
,Albert King,Blues Power (The Blues Collection Vol.26,Searchin' For A Woman
,Albert King,Blues Power (The Blues Collection Vol.26,Bad Luck Blues
,Albert King,Blues Power (The Blues Collection Vol.26,Wild Woman
,Albert King,Blues Power (The Blues Collection Vol.26,Be On Your Merry Way
,Albert King,Blues Power (The Blues Collection Vol.26,Murder
,Albert King,Blues Power (The Blues Collection Vol.26,Howlin' For My Darlin'
,Albert King,Blues Power (The Blues Collection Vol.26,Won't Be Hangin' Around
,Arthur Big Boy Crudup,Rock Me Mama (The Blues Collection Vol.4,Black Pony Blues
,Arthur Big Boy Crudup,Rock Me Mama (The Blues Collection Vol.4,Death Valley Blues
,Arthur Big Boy Crudup,Rock Me Mama (The Blues Collection Vol.4,Kind Lover Blues
,Arthur Big Boy Crudup,Rock Me Mama (The Blues Collection Vol.4,If I Get Lucky
,Arthur Big Boy Crudup,Rock Me Mama (The Blues Collection Vol.4,Give Me A 32-20
,Arthur Big Boy Crudup,Rock Me Mama (The Blues Collection Vol.4,Mean Old Frisco Blues
,Arthur Big Boy Crudup,Rock Me Mama (The Blues Collection Vol.4,Raised To My Hand
,Arthur Big Boy Crudup,Rock Me Mama (The Blues Collection Vol.4,Cool Disposition
,Arthur Big Boy Crudup,Rock Me Mama (The Blues Collection Vol.4,Who's Been Foolin' You
,Arthur Big Boy Crudup,Rock Me Mama (The Blues Collection Vol.4,Rock Me Mama
,Arthur Big Boy Crudup,Rock Me Mama (The Blues Collection Vol.4,That's Your Red Wagon
,Arthur Big Boy Crudup,Rock Me Mama (The Blues Collection Vol.4,So Glad You're Mine
,Arthur Big Boy Crudup,Rock Me Mama (The Blues Collection Vol.4,Boy Friend Blues
,Arthur Big Boy Crudup,Rock Me Mama (The Blues Collection Vol.4,Crudup's After Hours
,Arthur Big Boy Crudup,Rock Me Mama (The Blues Collection Vol.4,I Don't Know It
,Arthur Big Boy Crudup,Rock Me Mama (The Blues Collection Vol.4,Chicago Blues